UnitID,Institution Name,City location of institution (HD2015),Institution open to the general public (HD2015),Applicants total (ADM2015_RV),Admissions total (ADM2015_RV),Enrolled total (ADM2015_RV),,Grand total (C2016_A  First major  Agriculture  Agriculture Operations and Related Sciences  Bachelor's degree),Grand total men (C2016_A  First major  Agriculture  Agriculture Operations and Related Sciences  Bachelor's degree),Grand total women (C2016_A  First major  Agriculture  Agriculture Operations and Related Sciences  Bachelor's degree),Grand total (C2016_A  First major  Natural Resources and Conservation  Bachelor's degree),Grand total men (C2016_A  First major  Natural Resources and Conservation  Bachelor's degree),Grand total women (C2016_A  First major  Natural Resources and Conservation  Bachelor's degree),Grand total (C2016_A  First major  Architecture and Related Services  Bachelor's degree),Grand total men (C2016_A  First major  Architecture and Related Services  Bachelor's degree),Grand total women (C2016_A  First major  Architecture and Related Services  Bachelor's degree),Grand total (C2016_A  First major  Area  Ethnic  Cultural  Gender  and Group Studies  Bachelor's degree),Grand total men (C2016_A  First major  Area  Ethnic  Cultural  Gender  and Group Studies  Bachelor's degree),Grand total women (C2016_A  First major  Area  Ethnic  Cultural  Gender  and Group Studies  Bachelor's degree),Grand total (C2016_A  First major  Communication  Journalism  and Related Programs  Bachelor's degree),Grand total men (C2016_A  First major  Communication  Journalism  and Related Programs  Bachelor's degree),Grand total women (C2016_A  First major  Communication  Journalism  and Related Programs  Bachelor's degree),Grand total (C2016_A  First major  Communications Technologies/Technicians and Support Services  Bachelor's degree),Grand total men (C2016_A  First major  Communications Technologies/Technicians and Support Services  Bachelor's degree),Grand total women (C2016_A  First major  Communications Technologies/Technicians and Support Services  Bachelor's degree),Grand total (C2016_A  First major  Computer and Information Sciences and Support Services  Bachelor's degree),Grand total men (C2016_A  First major  Computer and Information Sciences and Support Services  Bachelor's degree),Grand total women (C2016_A  First major  Computer and Information Sciences and Support Services  Bachelor's degree),Grand total (C2016_A  First major  Personal and Culinary Services  Bachelor's degree),Grand total men (C2016_A  First major  Personal and Culinary Services  Bachelor's degree),Grand total women (C2016_A  First major  Personal and Culinary Services  Bachelor's degree),Grand total (C2016_A  First major  Education  Bachelor's degree),Grand total men (C2016_A  First major  Education  Bachelor's degree),Grand total women (C2016_A  First major  Education  Bachelor's degree),Grand total (C2016_A  First major  Engineering  Bachelor's degree),Grand total men (C2016_A  First major  Engineering  Bachelor's degree),Grand total women (C2016_A  First major  Engineering  Bachelor's degree),Grand total (C2016_A  First major  Engineering Technologies and Engineering-related Fields  Bachelor's degree),Grand total men (C2016_A  First major  Engineering Technologies and Engineering-related Fields  Bachelor's degree),Grand total women (C2016_A  First major  Engineering Technologies and Engineering-related Fields  Bachelor's degree),Grand total (C2016_A  First major  Foreign Languages  Literatures  and Linguistics  Bachelor's degree),Grand total men (C2016_A  First major  Foreign Languages  Literatures  and Linguistics  Bachelor's degree),Grand total women (C2016_A  First major  Foreign Languages  Literatures  and Linguistics  Bachelor's degree),Grand total (C2016_A  First major  Family and Consumer Sciences/Human Sciences  Bachelor's degree),Grand total men (C2016_A  First major  Family and Consumer Sciences/Human Sciences  Bachelor's degree),Grand total women (C2016_A  First major  Family and Consumer Sciences/Human Sciences  Bachelor's degree),Grand total (C2016_A  First major  Legal Professions and Studies  Bachelor's degree),Grand total men (C2016_A  First major  Legal Professions and Studies  Bachelor's degree),Grand total women (C2016_A  First major  Legal Professions and Studies  Bachelor's degree),Grand total (C2016_A  First major  English Language and Literature/Letters  Bachelor's degree),Grand total men (C2016_A  First major  English Language and Literature/Letters  Bachelor's degree),Grand total women (C2016_A  First major  English Language and Literature/Letters  Bachelor's degree),Grand total (C2016_A  First major  Liberal Arts and Sciences  General Studies and Humanities  Bachelor's degree),Grand total men (C2016_A  First major  Liberal Arts and Sciences  General Studies and Humanities  Bachelor's degree),Grand total women (C2016_A  First major  Liberal Arts and Sciences  General Studies and Humanities  Bachelor's degree),Grand total (C2016_A  First major  Library Science  Bachelor's degree),Grand total men (C2016_A  First major  Library Science  Bachelor's degree),Grand total women (C2016_A  First major  Library Science  Bachelor's degree),Grand total (C2016_A  First major  Biological and Biomedical Sciences  Bachelor's degree),Grand total men (C2016_A  First major  Biological and Biomedical Sciences  Bachelor's degree),Grand total women (C2016_A  First major  Biological and Biomedical Sciences  Bachelor's degree),Grand total (C2016_A  First major  Mathematics and Statistics  Bachelor's degree),Grand total men (C2016_A  First major  Mathematics and Statistics  Bachelor's degree),Grand total women (C2016_A  First major  Mathematics and Statistics  Bachelor's degree),Grand total (C2016_A  First major  Military Technologies and Applied Sciences  Bachelor's degree),Grand total men (C2016_A  First major  Military Technologies and Applied Sciences  Bachelor's degree),Grand total women (C2016_A  First major  Military Technologies and Applied Sciences  Bachelor's degree),Grand total (C2016_A  First major  Multi/Interdisciplinary Studies  Bachelor's degree),Grand total men (C2016_A  First major  Multi/Interdisciplinary Studies  Bachelor's degree),Grand total women (C2016_A  First major  Multi/Interdisciplinary Studies  Bachelor's degree),Grand total (C2016_A  First major  Parks  Recreation  Leisure and Fitness Studies  Bachelor's degree),Grand total men (C2016_A  First major  Parks  Recreation  Leisure and Fitness Studies  Bachelor's degree),Grand total women (C2016_A  First major  Parks  Recreation  Leisure and Fitness Studies  Bachelor's degree),Grand total (C2016_A  First major  Philosophy and Religious Studies  Bachelor's degree),Grand total men (C2016_A  First major  Philosophy and Religious Studies  Bachelor's degree),Grand total women (C2016_A  First major  Philosophy and Religious Studies  Bachelor's degree),Grand total (C2016_A  First major  Theology and Religious Vocations  Bachelor's degree),Grand total men (C2016_A  First major  Theology and Religious Vocations  Bachelor's degree),Grand total women (C2016_A  First major  Theology and Religious Vocations  Bachelor's degree),Grand total (C2016_A  First major  Physical Sciences  Bachelor's degree),Grand total men (C2016_A  First major  Physical Sciences  Bachelor's degree),Grand total women (C2016_A  First major  Physical Sciences  Bachelor's degree),Grand total (C2016_A  First major  Science Technologies/Technicians  Bachelor's degree),Grand total men (C2016_A  First major  Science Technologies/Technicians  Bachelor's degree),Grand total women (C2016_A  First major  Science Technologies/Technicians  Bachelor's degree),Grand total (C2016_A  First major  Psychology  Bachelor's degree),Grand total men (C2016_A  First major  Psychology  Bachelor's degree),Grand total women (C2016_A  First major  Psychology  Bachelor's degree),Grand total (C2016_A  First major  Homeland Security  Law Enforcement  Firefighting  and Related Protective Service  Bachelor's degree),Grand total men (C2016_A  First major  Homeland Security  Law Enforcement  Firefighting  and Related Protective Service  Bachelor's degree),Grand total women (C2016_A  First major  Homeland Security  Law Enforcement  Firefighting  and Related Protective Service  Bachelor's degree),Grand total (C2016_A  First major  Public Administration and Social Service Professions  Bachelor's degree),Grand total men (C2016_A  First major  Public Administration and Social Service Professions  Bachelor's degree),Grand total women (C2016_A  First major  Public Administration and Social Service Professions  Bachelor's degree),Grand total (C2016_A  First major  Social Sciences  Bachelor's degree),Grand total men (C2016_A  First major  Social Sciences  Bachelor's degree),Grand total women (C2016_A  First major  Social Sciences  Bachelor's degree),Grand total (C2016_A  First major  Construction Trades  Bachelor's degree),Grand total men (C2016_A  First major  Construction Trades  Bachelor's degree),Grand total women (C2016_A  First major  Construction Trades  Bachelor's degree),Grand total (C2016_A  First major  Mechanic and Repair Technologies/Technicians  Bachelor's degree),Grand total men (C2016_A  First major  Mechanic and Repair Technologies/Technicians  Bachelor's degree),Grand total women (C2016_A  First major  Mechanic and Repair Technologies/Technicians  Bachelor's degree),Grand total (C2016_A  First major  Precision Production  Bachelor's degree),Grand total men (C2016_A  First major  Precision Production  Bachelor's degree),Grand total women (C2016_A  First major  Precision Production  Bachelor's degree),Grand total (C2016_A  First major  Transportation and Materials Moving  Bachelor's degree),Grand total men (C2016_A  First major  Transportation and Materials Moving  Bachelor's degree),Grand total women (C2016_A  First major  Transportation and Materials Moving  Bachelor's degree),Grand total (C2016_A  First major  Visual and Performing Arts  Bachelor's degree),Grand total men (C2016_A  First major  Visual and Performing Arts  Bachelor's degree),Grand total women (C2016_A  First major  Visual and Performing Arts  Bachelor's degree),Grand total (C2016_A  First major  Health Professions and Related Programs  Bachelor's degree),Grand total men (C2016_A  First major  Health Professions and Related Programs  Bachelor's degree),Grand total women (C2016_A  First major  Health Professions and Related Programs  Bachelor's degree),Grand total (C2016_A  First major  Business  Management  Marketing  and Related Support Services  Bachelor's degree),Grand total men (C2016_A  First major  Business  Management  Marketing  and Related Support Services  Bachelor's degree),Grand total women (C2016_A  First major  Business  Management  Marketing  and Related Support Services  Bachelor's degree),Grand total (C2016_A  First major  History  Bachelor's degree),Grand total men (C2016_A  First major  History  Bachelor's degree),Grand total women (C2016_A  First major  History  Bachelor's degree),Grand total (C2016_A  First major  Grand total  Bachelor's degree),Grand total men (C2016_A  First major  Grand total  Bachelor's degree),Grand total women (C2016_A  First major  Grand total  Bachelor's degree)
419147,Ailano School of Cosmetology,Brockton,1,,,,,,,,,,,,,,,,,,,,,,,,,,,,,,,,,,,,,,,,,,,,,,,,,,,,,,,,,,,,,,,,,,,,,,,,,,,,,,,,,,,,,,,,,,,,,,,,,,,,,,,,,,,,,,,,,,,,,,,,,
476735,Alexander Academy,Fitchburg,1,,,,,,,,,,,,,,,,,,,,,,,,,,,,,,,,,,,,,,,,,,,,,,,,,,,,,,,,,,,,,,,,,,,,,,,,,,,,,,,,,,,,,,,,,,,,,,,,,,,,,,,,,,,,,,,,,,,,,,,,,
487144,American Academy of Personal Training-Boston Campus,Boston,1,,,,,,,,,,,,,,,,,,,,,,,,,,,,,,,,,,,,,,,,,,,,,,,,,,,,,,,,,,,,,,,,,,,,,,,,,,,,,,,,,,,,,,,,,,,,,,,,,,,,,,,,,,,,,,,,,,,,,,,,,
164447,American International College,Springfield,1,2060,1301,355,,,,,,,,,,,,,,12,7,5,,,,,,,,,,,,,,,,,,,,,,,,,,,,5,3,2,15,4,11,,,,10,1,9,,,,,,,3,1,2,11,9,2,,,,,,,2,1,1,,,,20,4,16,30,18,12,1,0,1,15,6,9,,,,,,,,,,,,,2,1,1,105,20,85,45,33,12,3,3,0,279,111,168
164465,Amherst College,Amherst,1,8568,1210,477,,,,,14,5,9,5,3,2,37,11,26,,,,,,,22,16,6,,,,,,,,,,,,,10,3,7,,,,13,6,7,39,16,23,,,,,,,38,18,20,33,19,14,,,,4,1,3,,,,7,6,1,,,,22,13,9,,,,31,12,19,,,,,,,104,70,34,,,,,,,,,,,,,24,8,16,,,,,,,29,17,12,432,224,208
164474,Andover Newton Theological School,Newton Centre,1,,,,,,,,,,,,,,,,,,,,,,,,,,,,,,,,,,,,,,,,,,,,,,,,,,,,,,,,,,,,,,,,,,,,,,,,,,,,,,,,,,,,,,,,,,,,,,,,,,,,,,,,,,,,,,,,,,,,,,,,,
164492,Anna Maria College,Paxton,1,1785,1429,235,,,,,4,3,1,,,,,,,0,0,0,,,,,,,,,,4,0,4,,,,,,,,,,,,,1,0,1,1,0,1,4,2,2,,,,,,,,,,,,,,,,,,,,,,0,0,0,,,,,,,5,2,3,74,58,16,25,4,21,3,2,1,,,,,,,,,,,,,7,4,3,126,17,109,16,11,5,1,0,1,271,103,168
164535,Assabet Valley Regional Technical School,Marlborough,1,25,21,17,,,,,,,,,,,,,,,,,,,,,,,,,,,,,,,,,,,,,,,,,,,,,,,,,,,,,,,,,,,,,,,,,,,,,,,,,,,,,,,,,,,,,,,,,,,,,,,,,,,,,,,,,,,,,,,,,,,,,,
164562,Assumption College,Worcester,1,4771,3614,570,,,,,6,1,5,,,,0,0,0,19,12,7,,,,6,4,2,,,,0,0,0,,,,,,,6,2,4,,,,,,,48,7,41,3,1,2,,,,54,15,39,21,6,15,,,,1,0,1,,,,3,3,0,1,0,1,7,4,3,,,,36,7,29,,,,0,0,0,49,30,19,,,,,,,,,,,,,11,4,7,90,9,81,117,71,46,22,8,14,500,184,316
164580,Babson College,Wellesley,1,7516,1977,528,,,,,,,,,,,,,,,,,,,,,,,,,,,,,,,,,,,,,,,,,,,,,,,,,,,,,,,,,,,,,,,,,,,,,,,,,,,,,,,,,,,,,,,,,,,,,,,,,,,,,,,,,,,,,,532,275,257,,,,532,275,257
164599,Bancroft School of Massage Therapy,Worcester,1,,,,,,,,,,,,,,,,,,,,,,,,,,,,,,,,,,,,,,,,,,,,,,,,,,,,,,,,,,,,,,,,,,,,,,,,,,,,,,,,,,,,,,,,,,,,,,,,,,,,,,,,,,,,,,,,,,,,,,,,,
167792,Bard College at Simon's Rock,Great Barrington,1,199,178,117,,,,,2,0,2,,,,3,0,3,,,,,,,1,1,0,,,,,,,4,3,1,,,,1,0,1,,,,,,,4,1,3,0,0,0,,,,3,1,2,5,3,2,,,,2,0,2,,,,3,2,1,,,,2,1,1,,,,1,0,1,,,,,,,5,1,4,,,,,,,,,,,,,14,8,6,0,0,0,,,,1,0,1,51,21,30
164632,Bay Path University,Longmeadow,1,1148,887,178,,,,,,,,,,,,,,,,,,,,,,,,,,56,0,56,,,,,,,,,,,,,25,0,25,,,,28,0,28,,,,24,0,24,,,,,,,1,0,1,,,,,,,,,,,,,,,,89,0,89,32,0,32,,,,,,,,,,,,,,,,,,,3,0,3,49,0,49,121,0,121,,,,428,0,428
164641,Bay State College,Boston,1,,,,,,,,,,,,,,,,,,,,,,,1,1,0,,,,,,,,,,,,,,,,,,,,,,,,,,,,,,,,,,,,,,,,,,,,,,,,,,,,,,,,,,,,,31,11,20,,,,,,,,,,,,,,,,,,,13,5,8,27,1,26,65,14,51,,,,137,32,105
164678,Bay State School of Technology,Canton,1,,,,,,,,,,,,,,,,,,,,,,,,,,,,,,,,,,,,,,,,,,,,,,,,,,,,,,,,,,,,,,,,,,,,,,,,,,,,,,,,,,,,,,,,,,,,,,,,,,,,,,,,,,,,,,,,,,,,,,,,,
487782,BCI,,,,,,,,,,,,,,,,,,,,,,,,,,,,,,,,,,,,,,,,,,,,,,,,,,,,,,,,,,,,,,,,,,,,,,,,,,,,,,,,,,,,,,,,,,,,,,,,,,,,,,,,,,,,,,,,,,,,,,,,,,,
489186,BCI - Malden,,,,,,,,,,,,,,,,,,,,,,,,,,,,,,,,,,,,,,,,,,,,,,,,,,,,,,,,,,,,,,,,,,,,,,,,,,,,,,,,,,,,,,,,,,,,,,,,,,,,,,,,,,,,,,,,,,,,,,,,,,,
164720,Becker College,Worcester,1,3268,2186,415,,6,0,6,,,,,,,,,,1,0,1,1,1,0,0,0,0,,,,5,1,4,,,,,,,,,,,,,1,0,1,,,,7,3,4,,,,7,2,5,,,,,,,,,,29,20,9,,,,,,,,,,,,,53,10,43,32,23,9,,,,,,,,,,,,,,,,,,,120,104,16,68,5,63,53,21,32,,,,383,190,193
165884,Benjamin Franklin Institute of Technology,Boston,1,,,,,,,,,,,,,,,,,,,,,,,,,,,,,,,,,,,,,,,,,,,,,,,,,,,,,,,,,,,,,,,,,,,,,,,,,,,,,,,,,,,,,,,,,,,,,,,,,,11,10,1,,,,,,,,,,4,3,1,,,,,,,15,13,2
164739,Bentley University,Waltham,1,8346,3532,915,,,,,,,,,,,,,,5,3,2,,,,57,33,24,,,,,,,,,,,,,1,0,1,,,,0,0,0,0,0,0,3,1,2,,,,,,,15,7,8,,,,2,0,2,,,,2,2,0,,,,,,,,,,,,,,,,3,1,2,,,,,,,,,,,,,,,,,,,2,0,2,969,554,415,0,0,0,1059,601,458
164748,Berklee College of Music,Boston,1,8071,2325,947,,,,,,,,,,,,,,,,,,,,,,,,,,23,12,11,,,,,,,,,,,,,,,,,,,,,,,,,,,,,,,,,,,,,,,,,,,,,,,,,,,,,,,,,,,,,,,,,,,,,,,,,,,,963,629,334,29,6,23,,,,,,,1015,647,368
164775,Berkshire Community College,Pittsfield,1,,,,,,,,,,,,,,,,,,,,,,,,,,,,,,,,,,,,,,,,,,,,,,,,,,,,,,,,,,,,,,,,,,,,,,,,,,,,,,,,,,,,,,,,,,,,,,,,,,,,,,,,,,,,,,,,,,,,,,,,,
457615,Blackstone Valley Vocational Regional School District,Upton,1,,,,,,,,,,,,,,,,,,,,,,,,,,,,,,,,,,,,,,,,,,,,,,,,,,,,,,,,,,,,,,,,,,,,,,,,,,,,,,,,,,,,,,,,,,,,,,,,,,,,,,,,,,,,,,,,,,,,,,,,,
243799,Blue Hills Regional Technical School,Canton,1,11,7,5,,,,,,,,,,,,,,,,,,,,,,,,,,,,,,,,,,,,,,,,,,,,,,,,,,,,,,,,,,,,,,,,,,,,,,,,,,,,,,,,,,,,,,,,,,,,,,,,,,,,,,,,,,,,,,,,,,,,,,
164872,Boston Architectural College,Boston,1,,,,,,,,,,,55,38,17,,,,,,,,,,,,,,,,,,,,,,,,,,,,,,,,,,,,,,,,,,,,,,,,,,,,,,,,,,,,,,,,,,,,,,,,,,,,,,,,,,,,,,,,,,,,,,,,,,,,,,,,,,55,38,17
164614,Boston Baptist College,Boston,1,13,12,11,,,,,,,,,,,,,,,,,,,,,,,,,,,,,,,,,,,,,,,,,,,,,,,,,,,,,,,,,,,,,,,,,,,,,,,19,15,4,,,,,,,,,,,,,,,,,,,,,,,,,,,,,,,,,,,,,,,,,,,19,15,4
164924,Boston College,Chestnut Hill,1,29486,8405,2162,,,,,28,9,19,,,,0,0,0,151,37,114,,,,58,42,16,,,,90,2,88,,,,,,,14,7,7,,,,,,,112,40,72,,,,,,,233,112,121,50,24,26,,,,77,29,48,,,,32,22,10,12,8,4,49,38,11,,,,265,63,202,1,1,0,,,,427,241,186,,,,,,,,,,,,,47,21,26,97,1,96,512,348,164,66,36,30,2321,1081,1240
164915,Boston Graduate School of Psychoanalysis Inc,Brookline,1,,,,,,,,,,,,,,,,,,,,,,,,,,,,,,,,,,,,,,,,,,,,,,,,,,,,,,,,,,,,,,,,,,,,,,,,,,,,,,,,,,,,,,,,,,,,,,,,,,,,,,,,,,,,,,,,,,,,,,,,,
164988,Boston University,Boston,1,54781,17871,3629,,,,,,,,9,3,6,13,2,11,588,142,446,,,,116,80,36,,,,98,11,87,377,276,101,,,,41,10,31,,,,0,0,0,51,13,38,0,0,0,,,,348,136,212,98,57,41,,,,86,33,53,,,,27,12,15,,,,76,43,33,,,,234,54,180,7,2,5,,,,537,210,327,,,,,,,,,,,,,160,39,121,410,115,295,894,425,469,60,32,28,4230,1695,2535
165015,Brandeis University,Waltham,1,10528,3582,802,,,,,18,4,14,,,,57,22,35,,,,,,,49,37,12,,,,6,1,5,,,,,,,18,7,11,,,,,,,32,8,24,,,,,,,139,56,83,17,12,5,,,,51,21,30,,,,8,7,1,,,,35,25,10,,,,75,21,54,,,,70,9,61,214,117,97,,,,,,,,,,,,,43,15,28,,,,56,31,25,27,13,14,915,406,509
438805,Branford Hall Career Institute-Springfield Campus,Springfield,1,,,,,,,,,,,,,,,,,,,,,,,,,,,,,,,,,,,,,,,,,,,,,,,,,,,,,,,,,,,,,,,,,,,,,,,,,,,,,,,,,,,,,,,,,,,,,,,,,,,,,,,,,,,,,,,,,,,,,,,,,
165024,Bridgewater State University,Bridgewater,1,5868,4736,1528,,,,,,,,,,,,,,135,46,89,,,,23,21,2,,,,377,94,283,,,,,,,6,0,6,,,,,,,91,25,66,,,,,,,91,31,60,55,25,30,,,,,,,,,,4,4,0,,,,41,28,13,,,,220,24,196,231,137,94,85,10,75,131,48,83,,,,,,,,,,30,26,4,57,20,37,18,7,11,328,184,144,81,46,35,2004,776,1228
165033,Bristol Community College,Fall River,1,,,,,,,,,,,,,,,,,,,,,,,,,,,,,,,,,,,,,,,,,,,,,,,,,,,,,,,,,,,,,,,,,,,,,,,,,,,,,,,,,,,,,,,,,,,,,,,,,,,,,,,,,,,,,,,,,,,,,,,,,
165112,Bunker Hill Community College,Boston,1,,,,,,,,,,,,,,,,,,,,,,,,,,,,,,,,,,,,,,,,,,,,,,,,,,,,,,,,,,,,,,,,,,,,,,,,,,,,,,,,,,,,,,,,,,,,,,,,,,,,,,,,,,,,,,,,,,,,,,,,,
165167,Cambridge College,Cambridge,1,,,,,,,,,,,,,,,,,,,,,,,,,,,,,4,0,4,,,,,,,,,,,,,,,,,,,,,,,,,,,,,,,,,,51,10,41,,,,,,,,,,,,,,,,33,4,29,,,,42,14,28,,,,,,,,,,,,,,,,,,,,,,62,24,38,,,,192,52,140
165194,Cape Cod Community College,West Barnstable,1,,,,,,,,,,,,,,,,,,,,,,,,,,,,,,,,,,,,,,,,,,,,,,,,,,,,,,,,,,,,,,,,,,,,,,,,,,,,,,,,,,,,,,,,,,,,,,,,,,,,,,,,,,,,,,,,,,,,,,,,,
165255,Catherine Hinds Institute of Esthetics,Woburn,1,,,,,,,,,,,,,,,,,,,,,,,,,,,,,,,,,,,,,,,,,,,,,,,,,,,,,,,,,,,,,,,,,,,,,,,,,,,,,,,,,,,,,,,,,,,,,,,,,,,,,,,,,,,,,,,,,,,,,,,,,
419095,Charles H McCann Technical School,North Adams,1,,,,,,,,,,,,,,,,,,,,,,,,,,,,,,,,,,,,,,,,,,,,,,,,,,,,,,,,,,,,,,,,,,,,,,,,,,,,,,,,,,,,,,,,,,,,,,,,,,,,,,,,,,,,,,,,,,,,,,,,,
165334,Clark University,Worcester,1,8045,4430,671,,,,,20,6,14,,,,4,2,2,26,7,19,,,,11,10,1,,,,,,,,,,,,,6,1,5,,,,,,,24,7,17,0,0,0,,,,53,22,31,7,6,1,,,,13,5,8,,,,4,4,0,,,,18,11,7,,,,108,26,82,0,0,0,0,0,0,126,51,75,,,,,,,,,,,,,31,12,19,,,,44,30,14,15,11,4,510,211,299
167394,College of Our Lady of the Elms,Chicopee,1,832,623,186,,,,,,,,,,,,,,,,,,,,6,4,2,,,,24,3,21,,,,,,,1,0,1,,,,5,1,4,3,1,2,6,1,5,,,,6,2,4,1,0,1,,,,,,,,,,,,,0,0,0,1,0,1,,,,20,4,16,10,6,4,53,4,49,2,1,1,,,,,,,,,,,,,0,0,0,198,22,176,38,18,20,5,2,3,379,69,310
166124,College of the Holy Cross,Worcester,1,6595,2442,738,,,,,,,,,,,,,,,,,,,,,,,,,,,,,,,,,,,40,17,23,,,,,,,52,16,36,,,,,,,44,15,29,43,24,19,,,,18,10,8,,,,20,14,6,,,,65,42,23,,,,104,25,79,,,,,,,247,149,98,,,,,,,,,,,,,22,8,14,,,,,,,44,26,18,699,346,353
165495,Conway School of Landscape Design,Conway,1,,,,,,,,,,,,,,,,,,,,,,,,,,,,,,,,,,,,,,,,,,,,,,,,,,,,,,,,,,,,,,,,,,,,,,,,,,,,,,,,,,,,,,,,,,,,,,,,,,,,,,,,,,,,,,,,,,,,,,,,,
166975,Cortiva Institute-Boston,Watertown,1,,,,,,,,,,,,,,,,,,,,,,,,,,,,,,,,,,,,,,,,,,,,,,,,,,,,,,,,,,,,,,,,,,,,,,,,,,,,,,,,,,,,,,,,,,,,,,,,,,,,,,,,,,,,,,,,,,,,,,,,,
165529,Curry College,Milton,1,5554,4871,602,,,,,0,0,0,,,,,,,76,44,32,,,,9,7,2,,,,14,0,14,,,,,,,,,,,,,,,,6,2,4,20,1,19,,,,8,2,6,,,,,,,0,0,0,,,,3,3,0,,,,,,,,,,50,16,34,85,54,31,,,,12,6,6,,,,,,,,,,,,,10,5,5,303,28,275,91,51,40,,,,687,219,468
165574,Dean College,Franklin,1,2411,1624,495,,,,,,,,,,,,,,,,,,,,,,,,,,,,,,,,,,,,,,,,,,,,1,1,0,11,3,8,,,,,,,,,,,,,,,,,,,,,,,,,,,,,,,5,1,4,,,,,,,1,0,1,,,,,,,,,,,,,45,12,33,,,,45,31,14,1,1,0,109,49,60
451255,DiGrigoli School of Cosmetology,West Springfield,1,,,,,,,,,,,,,,,,,,,,,,,,,,,,,,,,,,,,,,,,,,,,,,,,,,,,,,,,,,,,,,,,,,,,,,,,,,,,,,,,,,,,,,,,,,,,,,,,,,,,,,,,,,,,,,,,,,,,,,,,,
165608,Diman Regional Technical Institute,Fall River,1,44,15,15,,,,,,,,,,,,,,,,,,,,,,,,,,,,,,,,,,,,,,,,,,,,,,,,,,,,,,,,,,,,,,,,,,,,,,,,,,,,,,,,,,,,,,,,,,,,,,,,,,,,,,,,,,,,,,,,,,,,,,
165644,Eastern Nazarene College,Quincy,1,1129,692,114,,,,,0,0,0,,,,,,,7,1,6,,,,0,0,0,,,,73,1,72,4,4,0,,,,,,,,,,,,,0,0,0,4,0,4,,,,15,2,13,1,0,1,,,,,,,4,3,1,5,4,1,2,1,1,1,1,0,,,,10,1,9,7,3,4,10,3,7,,,,,,,,,,,,,,,,1,0,1,,,,71,29,42,1,1,0,216,54,162
410964,EINE Inc,Tewksbury,1,,,,,,,,,,,,,,,,,,,,,,,,,,,,,,,,,,,,,,,,,,,,,,,,,,,,,,,,,,,,,,,,,,,,,,,,,,,,,,,,,,,,,,,,,,,,,,,,,,,,,,,,,,,,,,,,,,,,,,,,,
362782,Elizabeth Grady School of Esthetics and Massage Therapy,Medford,1,,,,,,,,,,,,,,,,,,,,,,,,,,,,,,,,,,,,,,,,,,,,,,,,,,,,,,,,,,,,,,,,,,,,,,,,,,,,,,,,,,,,,,,,,,,,,,,,,,,,,,,,,,,,,,,,,,,,,,,,,
165662,Emerson College,Boston,1,8618,4225,915,,,,,,,,,,,,,,306,130,176,9,3,6,,,,,,,12,2,10,,,,,,,,,,,,,,,,130,29,101,,,,,,,,,,,,,,,,5,0,5,,,,,,,,,,,,,,,,,,,,,,,,,,,,,,,,,,,,,,,,314,138,176,22,2,20,140,41,99,,,,938,345,593
165671,Emmanuel College,Boston,1,5692,4463,555,,,,,,,,,,,3,0,3,35,5,30,,,,,,,,,,32,2,30,,,,,,,1,0,1,,,,,,,20,11,9,2,0,2,,,,73,26,47,2,2,0,,,,23,6,17,7,6,1,4,4,0,,,,11,4,7,,,,58,9,49,,,,6,0,6,38,15,23,,,,,,,,,,,,,12,2,10,36,3,33,62,26,36,17,10,7,442,131,311
164845,Empire Beauty School-Boston,Boston,1,,,,,,,,,,,,,,,,,,,,,,,,,,,,,,,,,,,,,,,,,,,,,,,,,,,,,,,,,,,,,,,,,,,,,,,,,,,,,,,,,,,,,,,,,,,,,,,,,,,,,,,,,,,,,,,,,,,,,,,,,
443678,Empire Beauty School-Framingham,Framingham,1,,,,,,,,,,,,,,,,,,,,,,,,,,,,,,,,,,,,,,,,,,,,,,,,,,,,,,,,,,,,,,,,,,,,,,,,,,,,,,,,,,,,,,,,,,,,,,,,,,,,,,,,,,,,,,,,,,,,,,,,,
407179,Empire Beauty School-Malden,Malden,1,,,,,,,,,,,,,,,,,,,,,,,,,,,,,,,,,,,,,,,,,,,,,,,,,,,,,,,,,,,,,,,,,,,,,,,,,,,,,,,,,,,,,,,,,,,,,,,,,,,,,,,,,,,,,,,,,,,,,,,,,
165699,Endicott College,Beverly,1,4005,2915,810,,,,,6,3,3,,,,,,,50,13,37,,,,8,8,0,,,,46,2,44,2,0,2,,,,,,,,,,,,,13,6,7,35,11,24,,,,16,9,7,3,2,1,,,,6,3,3,63,49,14,,,,,,,,,,,,,37,5,32,25,18,7,0,0,0,4,3,1,,,,,,,,,,,,,53,8,45,84,8,76,191,96,95,4,2,2,646,246,400
165705,Episcopal Divinity School,Cambridge,1,,,,,,,,,,,,,,,,,,,,,,,,,,,,,,,,,,,,,,,,,,,,,,,,,,,,,,,,,,,,,,,,,,,,,,,,,,,,,,,,,,,,,,,,,,,,,,,,,,,,,,,,,,,,,,,,,,,,,,,,,
436599,FINE Mortuary College,Norwood,1,,,,,,,,,,,,,,,,,,,,,,,,,,,,,,,,,,,,,,,,,,,,,,,,,,,,,,,,,,,,,,,,,,,,,,,,,,,,,,,,,,,,,,,,,,,,,,,,,,,,,,,,,,,,,,,,,,,,,,,,,
165802,Fisher College,Boston,1,2669,1873,278,,,,,,,,,,,,,,18,5,13,,,,8,6,2,,,,,,,,,,,,,,,,,,,,,,,,,1,1,0,,,,,,,,,,,,,,,,2,2,0,,,,,,,,,,,,,11,7,4,8,3,5,34,4,30,,,,,,,,,,,,,,,,,,,20,4,16,88,32,56,,,,190,64,126
165820,Fitchburg State University,Fitchburg,1,3998,2989,789,,,,,,,,8,6,2,,,,21,11,10,,,,19,15,4,,,,57,19,38,,,,26,23,3,,,,0,0,0,,,,29,11,18,0,0,0,,,,75,22,53,8,5,3,,,,59,12,47,5,4,1,,,,,,,4,0,4,,,,40,8,32,63,40,23,39,3,36,22,12,10,,,,,,,,,,,,,109,71,38,106,1,105,108,67,41,9,9,0,807,339,468
165866,Framingham State University,Framingham,1,4803,3401,855,,6,2,4,17,8,9,,,,,,,,,,82,33,49,26,23,3,,,,53,1,52,,,,,,,5,0,5,112,3,109,,,,43,8,35,46,17,29,,,,31,12,19,11,7,4,,,,2,1,1,,,,,,,,,,10,5,5,,,,94,15,79,,,,,,,176,84,92,,,,,,,,,,,,,22,6,16,33,6,27,179,97,82,21,12,9,969,340,629
441982,Franklin W Olin College of Engineering,Needham,1,1075,118,76,,,,,,,,,,,,,,,,,,,,,,,,,,,,,78,42,36,,,,,,,,,,,,,,,,,,,,,,,,,,,,,,,,,,,,,,,,,,,,,,,,,,,,,,,,,,,,,,,,,,,,,,,,,,,,,,,,,,,,,78,42,36
165936,Gordon College,Wenham,1,1832,1708,441,,,,,,,,,,,,,,26,7,19,,,,9,9,0,,,,22,4,18,,,,,,,17,3,14,,,,,,,32,11,21,,,,,,,44,17,27,10,7,3,,,,1,0,1,12,5,7,14,7,7,16,11,5,12,9,3,,,,30,5,25,,,,34,5,29,31,14,17,,,,,,,,,,,,,21,6,15,,,,49,29,20,19,9,10,399,158,241
165945,Gordon-Conwell Theological Seminary,South Hamilton,1,,,,,,,,,,,,,,,,,,,,,,,,,,,,,,,,,,,,,,,,,,,,,,,,,,,,,,,,,,,,,,,,,,,,,,,,,,,,,,,,,,,,,,,,,,,,,,,,,,,,,,,,,,,,,,,,,,,,,,,,,
382416,Greater Lowell Technical School,Tyngsboro,1,8,8,8,,,,,,,,,,,,,,,,,,,,,,,,,,,,,,,,,,,,,,,,,,,,,,,,,,,,,,,,,,,,,,,,,,,,,,,,,,,,,,,,,,,,,,,,,,,,,,,,,,,,,,,,,,,,,,,,,,,,,,
165981,Greenfield Community College,Greenfield,1,,,,,,,,,,,,,,,,,,,,,,,,,,,,,,,,,,,,,,,,,,,,,,,,,,,,,,,,,,,,,,,,,,,,,,,,,,,,,,,,,,,,,,,,,,,,,,,,,,,,,,,,,,,,,,,,,,,,,,,,,
166009,Hallmark Institute of Photography,Turners Falls,1,,,,,,,,,,,,,,,,,,,,,,,,,,,,,,,,,,,,,,,,,,,,,,,,,,,,,,,,,,,,,,,,,,,,,,,,,,,,,,,,,,,,,,,,,,,,,,,,,,,,,,,,,,,,,,,,,,,,,,,,,
166018,Hampshire College,Amherst,1,2071,1450,376,,10,4,6,8,3,5,7,2,5,23,4,19,8,5,3,,,,13,12,1,,,,12,1,11,,,,,,,5,1,4,,,,3,3,0,25,10,15,0,0,0,,,,27,6,21,4,4,0,,,,14,5,9,1,0,1,12,10,2,,,,7,3,4,,,,11,6,5,,,,3,1,2,32,13,19,,,,,,,,,,,,,101,52,49,5,1,4,4,3,1,7,5,2,342,154,188
166027,Harvard University,Cambridge,1,37307,2080,1660,,,,,12,7,5,,,,34,10,24,,,,,,,104,74,30,,,,,,,77,40,37,,,,44,18,26,,,,,,,58,21,37,30,10,20,,,,254,99,155,182,125,57,,,,32,18,14,,,,15,7,8,,,,89,62,27,,,,101,31,70,,,,,,,597,335,262,,,,,,,,,,,,,49,25,24,,,,,,,132,57,75,1810,939,871
166045,Hebrew College,Newton Centre,1,,,,,,,,,,,,,,,,,,,,,,,,,,,,,,,,,,,,,,,,,,,,,,,,,,,,,,,,,,,,,,,,,,,,,,,0,0,0,0,0,0,,,,,,,,,,,,,,,,,,,,,,,,,,,,,,,,,,,,,,,,,,,0,0,0
166054,Hellenic College-Holy Cross Greek Orthodox School of Theology,Brookline,1,,,,,,,,,,,,,,,,,,,,,,,,,,,,,0,0,0,,,,,,,0,0,0,,,,,,,2,0,2,7,3,4,,,,,,,,,,,,,,,,,,,6,4,2,,,,,,,,,,,,,,,,,,,,,,,,,,,,,,,,,,,,,,,,5,3,2,,,,20,10,10
166133,Holyoke Community College,Holyoke,1,,,,,,,,,,,,,,,,,,,,,,,,,,,,,,,,,,,,,,,,,,,,,,,,,,,,,,,,,,,,,,,,,,,,,,,,,,,,,,,,,,,,,,,,,,,,,,,,,,,,,,,,,,,,,,,,,,,,,,,,,
164368,Hult International Business School,Cambridge,1,,,,,,,,,,,,,,,,,,,,,,,,,,,,,,,,,,,,,,,,,,,,,,,,,,,,,,,,,,,,,,,,,,,,,,,,,,,,,,,,,,,,,,,,,,,,,,,,,,,,,,,,,,,,,,,,,0,0,0,,,,0,0,0
366580,ITT Technical Institute-Norwood,Norwood,1,149,129,30,,,,,,,,,,,,,,,,,,,,,,,,,,,,,,,,,,,,,,,,,,,,,,,,,,,,,,,,,,,,,,,,,,,,,,,,,,,,,,,,,,,,,,,,,,,,,,,,,,,,,,,,,,,,,,,,,,,,,,
439136,ITT Technical Institute-Wilmington,Wilmington,1,108,90,39,,,,,,,,,,,,,,,,,,,,,,,,,,,,,,,,,,,,,,,,,,,,,,,,,,,,,,,,,,,,,,,,,,,,,,,,,,,,,,,,,,,,,,,,,,,,,,,,,,,,,,,,,,,,,,,,,,,,,,
431099,Jolie Hair and Beauty Academy-Ludlow,Ludlow,1,,,,,,,,,,,,,,,,,,,,,,,,,,,,,,,,,,,,,,,,,,,,,,,,,,,,,,,,,,,,,,,,,,,,,,,,,,,,,,,,,,,,,,,,,,,,,,,,,,,,,,,,,,,,,,,,,,,,,,,,,
484057,Jupiter Beauty Academy,Boston,1,,,,,,,,,,,,,,,,,,,,,,,,,,,,,,,,,,,,,,,,,,,,,,,,,,,,,,,,,,,,,,,,,,,,,,,,,,,,,,,,,,,,,,,,,,,,,,,,,,,,,,,,,,,,,,,,,,,,,,,,,
166294,Kay Harvey Academy of Hair Design,West Springfield,1,,,,,,,,,,,,,,,,,,,,,,,,,,,,,,,,,,,,,,,,,,,,,,,,,,,,,,,,,,,,,,,,,,,,,,,,,,,,,,,,,,,,,,,,,,,,,,,,,,,,,,,,,,,,,,,,,,,,,,,,,
166319,La Baron Hairdressing Academy-Brockton,Brockton,1,,,,,,,,,,,,,,,,,,,,,,,,,,,,,,,,,,,,,,,,,,,,,,,,,,,,,,,,,,,,,,,,,,,,,,,,,,,,,,,,,,,,,,,,,,,,,,,,,,,,,,,,,,,,,,,,,,,,,,,,,
166328,La Baron Hairdressing Academy-New Bedford,New Bedford,1,,,,,,,,,,,,,,,,,,,,,,,,,,,,,,,,,,,,,,,,,,,,,,,,,,,,,,,,,,,,,,,,,,,,,,,,,,,,,,,,,,,,,,,,,,,,,,,,,,,,,,,,,,,,,,,,,,,,,,,,,
165264,Laboure College,Milton,1,21,11,9,,,,,,,,,,,,,,,,,,,,,,,,,,,,,,,,,,,,,,,,,,,,,,,,,,,,,,,,,,,,,,,,,,,,,,,,,,,,,,,,,,,,,,,,,,,,,,,,,,,,,,,,,,,25,1,24,,,,,,,25,1,24
166391,Lasell College,Newton,1,3171,2478,490,,,,,5,3,2,,,,,,,67,15,52,,,,,,,,,,18,1,17,,,,,,,,,,,,,9,6,3,7,0,7,1,0,1,,,,,,,2,0,2,,,,1,1,0,51,37,14,,,,,,,,,,,,,25,4,21,,,,11,1,10,38,15,23,,,,,,,,,,,,,30,5,25,13,5,8,127,34,93,4,1,3,409,128,281
166407,Lawrence Memorial Hospital School of Nursing,Medford,1,,,,,,,,,,,,,,,,,,,,,,,,,,,,,,,,,,,,,,,,,,,,,,,,,,,,,,,,,,,,,,,,,,,,,,,,,,,,,,,,,,,,,,,,,,,,,,,,,,,,,,,,,,,,,,,,,,,,,,,,,
452054,Le Cordon Bleu College of Culinary Arts-Cambridge,Cambridge,1,,,,,,,,,,,,,,,,,,,,,,,,,,,,,,,,,,,,,,,,,,,,,,,,,,,,,,,,,,,,,,,,,,,,,,,,,,,,,,,,,,,,,,,,,,,,,,,,,,,,,,,,,,,,,,,,,,,,,,,,,
166452,Lesley University,Cambridge,1,3182,2135,381,,,,,3,1,2,,,,,,,5,1,4,8,8,0,,,,,,,3,0,3,,,,,,,,,,8,0,8,,,,41,5,36,77,10,67,,,,5,0,5,14,5,9,,,,10,1,9,,,,,,,,,,,,,,,,99,12,87,,,,4,0,4,9,3,6,,,,,,,,,,,,,72,21,51,41,4,37,38,15,23,10,7,3,447,93,354
425889,Lincoln Technical Institute-Brockton,Brockton,1,,,,,,,,,,,,,,,,,,,,,,,,,,,,,,,,,,,,,,,,,,,,,,,,,,,,,,,,,,,,,,,,,,,,,,,,,,,,,,,,,,,,,,,,,,,,,,,,,,,,,,,,,,,,,,,,,,,,,,,,,
440952,Lincoln Technical Institute-Lowell,Lowell,1,,,,,,,,,,,,,,,,,,,,,,,,,,,,,,,,,,,,,,,,,,,,,,,,,,,,,,,,,,,,,,,,,,,,,,,,,,,,,,,,,,,,,,,,,,,,,,,,,,,,,,,,,,,,,,,,,,,,,,,,,
165556,Lincoln Technical Institute-Somerville,Somerville,1,,,,,,,,,,,,,,,,,,,,,,,,,,,,,,,,,,,,,,,,,,,,,,,,,,,,,,,,,,,,,,,,,,,,,,,,,,,,,,,,,,,,,,,,,,,,,,,,,,,,,,,,,,,,,,,,,,,,,,,,,
166489,Longy School of Music of Bard College,Cambridge,1,33,31,6,,,,,,,,,,,,,,,,,,,,,,,,,,,,,,,,,,,,,,,,,,,,,,,,,,,,,,,,,,,,,,,,,,,,,,,,,,,,,,,,,,,,,,,,,,,,,,,,,,,,,,,,,,,,,,,,,,,,,,
166498,Lowell Academy Hairstyling Institute,Lowell,1,,,,,,,,,,,,,,,,,,,,,,,,,,,,,,,,,,,,,,,,,,,,,,,,,,,,,,,,,,,,,,,,,,,,,,,,,,,,,,,,,,,,,,,,,,,,,,,,,,,,,,,,,,,,,,,,,,,,,,,,,
166595,Mansfield Beauty Schools-Quincy,Quincy,1,,,,,,,,,,,,,,,,,,,,,,,,,,,,,,,,,,,,,,,,,,,,,,,,,,,,,,,,,,,,,,,,,,,,,,,,,,,,,,,,,,,,,,,,,,,,,,,,,,,,,,,,,,,,,,,,,,,,,,,,,
166586,Mansfield Beauty Schools-Springfield,Springfield,1,,,,,,,,,,,,,,,,,,,,,,,,,,,,,,,,,,,,,,,,,,,,,,,,,,,,,,,,,,,,,,,,,,,,,,,,,,,,,,,,,,,,,,,,,,,,,,,,,,,,,,,,,,,,,,,,,,,,,,,,,
166647,Massachusetts Bay Community College,Wellesley Hills,1,,,,,,,,,,,,,,,,,,,,,,,,,,,,,,,,,,,,,,,,,,,,,,,,,,,,,,,,,,,,,,,,,,,,,,,,,,,,,,,,,,,,,,,,,,,,,,,,,,,,,,,,,,,,,,,,,,,,,,,,,
166674,Massachusetts College of Art and Design,Boston,1,1273,908,293,,,,,,,,15,9,6,,,,,,,,,,,,,,,,12,4,8,,,,,,,,,,,,,,,,,,,,,,,,,,,,,,,,,,,,,,,,,,,,,,,,,,,,,,,,,,,,,,,,,,,,,,,,,,,,323,88,235,,,,,,,,,,350,101,249
167288,Massachusetts College of Liberal Arts,North Adams,1,2091,1535,270,,,,,6,3,3,,,,,,,,,,,,,21,17,4,,,,7,1,6,,,,,,,,,,,,,,,,45,12,33,,,,,,,39,17,22,8,7,1,,,,37,14,23,,,,3,2,1,,,,10,9,1,,,,32,3,29,,,,,,,40,13,27,,,,,,,,,,,,,25,7,18,4,1,3,63,33,30,14,5,9,354,144,210
431594,Massachusetts General Hospital Dietetic Internship,Boston,1,,,,,,,,,,,,,,,,,,,,,,,,,,,,,,,,,,,,,,,,,,,,,,,,,,,,,,,,,,,,,,,,,,,,,,,,,,,,,,,,,,,,,,,,,,,,,,,,,,,,,,,,,,,,,,,,,,,,,,,,,
166683,Massachusetts Institute of Technology,Cambridge,1,18306,1519,1106,,,,,,,,14,4,10,,,,3,2,1,,,,295,192,103,,,,,,,468,236,232,,,,2,1,1,,,,,,,2,1,1,6,2,4,,,,89,15,74,72,58,14,,,,40,20,20,,,,0,0,0,,,,86,50,36,,,,,,,,,,,,,14,10,4,,,,,,,,,,,,,2,2,0,,,,18,10,8,0,0,0,1111,603,508
166692,Massachusetts Maritime Academy,Buzzards Bay,1,825,610,385,,,,,21,15,6,,,,,,,,,,,,,,,,,,,,,,143,138,5,,,,,,,,,,,,,,,,,,,,,,,,,,,,,,,,,,,,,,,,,,,,,,,,,,,,16,12,4,,,,,,,,,,,,,,,,60,55,5,,,,,,,38,26,12,,,,278,246,32
166805,Massachusetts School of Barbering,Quincy,1,,,,,,,,,,,,,,,,,,,,,,,,,,,,,,,,,,,,,,,,,,,,,,,,,,,,,,,,,,,,,,,,,,,,,,,,,,,,,,,,,,,,,,,,,,,,,,,,,,,,,,,,,,,,,,,,,,,,,,,,,
369002,Massachusetts School of Law,Andover,1,,,,,,,,,,,,,,,,,,,,,,,,,,,,,,,,,,,,,,,,,,,,,,,,,,,,,,,,,,,,,,,,,,,,,,,,,,,,,,,,,,,,,,,,,,,,,,,,,,,,,,,,,,,,,,,,,,,,,,,,,
166823,Massasoit Community College,Brockton,1,,,,,,,,,,,,,,,,,,,,,,,,,,,,,,,,,,,,,,,,,,,,,,,,,,,,,,,,,,,,,,,,,,,,,,,,,,,,,,,,,,,,,,,,,,,,,,,,,,,,,,,,,,,,,,,,,,,,,,,,,
166656,MCPHS University,Boston,1,4867,4213,783,,,,,,,,,,,,,,,,,,,,,,,,,,,,,,,,,,,,,,,,,,,,,,,,,,,,,41,15,26,,,,,,,,,,,,,,,,,,,0,0,0,,,,10,4,6,,,,,,,,,,,,,,,,,,,,,,,,,911,249,662,,,,,,,962,268,694
444769,Medical Professional Institute,Malden,1,10,10,7,,,,,,,,,,,,,,,,,,,,,,,,,,,,,,,,,,,,,,,,,,,,,,,,,,,,,,,,,,,,,,,,,,,,,,,,,,,,,,,,,,,,,,,,,,,,,,,,,,,,,,,,,,,,,,,,,,,,,,
166850,Merrimack College,North Andover,1,7751,6121,828,,,,,11,5,6,,,,0,0,0,25,9,16,,,,17,15,2,,,,0,0,0,27,24,3,,,,3,0,3,103,8,95,,,,10,2,8,6,2,4,,,,23,12,11,13,3,10,,,,6,1,5,24,19,5,2,0,2,,,,4,3,1,,,,20,3,17,35,22,13,,,,24,16,8,,,,,,,,,,,,,12,7,5,78,31,47,204,127,77,7,5,2,654,314,340
166869,MGH Institute of Health Professions,Boston,1,,,,,,,,,,,,,,,,,,,,,,,,,,,,,,,,,,,,,,,,,,,,,,,,,,,,,,,,,,,,,,,,,,,,,,,,,,,,,,,,,,,,,,,,,,,,,,,,,,,,,,,,,,,,,,206,32,174,,,,,,,206,32,174
166887,Middlesex Community College,Bedford,1,,,,,,,,,,,,,,,,,,,,,,,,,,,,,,,,,,,,,,,,,,,,,,,,,,,,,,,,,,,,,,,,,,,,,,,,,,,,,,,,,,,,,,,,,,,,,,,,,,,,,,,,,,,,,,,,,,,,,,,,,
425986,Mildred Elley-Pittsfield Campus,Pittsfield,1,,,,,,,,,,,,,,,,,,,,,,,,,,,,,,,,,,,,,,,,,,,,,,,,,,,,,,,,,,,,,,,,,,,,,,,,,,,,,,,,,,,,,,,,,,,,,,,,,,,,,,,,,,,,,,,,,,,,,,,,,
451264,Millennium Training Institute,Woburn,1,,,,,,,,,,,,,,,,,,,,,,,,,,,,,,,,,,,,,,,,,,,,,,,,,,,,,,,,,,,,,,,,,,,,,,,,,,,,,,,,,,,,,,,,,,,,,,,,,,,,,,,,,,,,,,,,,,,,,,,,,
166911,Montserrat College of Art,Beverly,1,,,,,,,,,,,,,,,,,,,,7,1,6,,,,,,,0,0,0,,,,,,,,,,,,,,,,,,,,,,,,,,,,,,,,,,7,2,5,,,,,,,,,,,,,,,,,,,,,,,,,,,,,,,,,,,,,,,,48,17,31,,,,,,,,,,62,20,42
433040,Monty Tech,Fitchburg,1,,,,,,,,,,,,,,,,,,,,,,,,,,,,,,,,,,,,,,,,,,,,,,,,,,,,,,,,,,,,,,,,,,,,,,,,,,,,,,,,,,,,,,,,,,,,,,,,,,,,,,,,,,,,,,,,,,,,,,,,,
414124,Motoring Technical Training Institute,Seekonk,1,231,217,152,,,,,,,,,,,,,,,,,,,,,,,,,,,,,,,,,,,,,,,,,,,,,,,,,,,,,,,,,,,,,,,,,,,,,,,,,,,,,,,,,,,,,,,,,,,,,,,,,,,,,,,,,,,,,,,,,,,,,,
166939,Mount Holyoke College,South Hadley,1,3858,1932,523,,,,,17,0,17,8,0,8,27,0,27,,,,,,,18,0,18,,,,18,0,18,,,,,,,14,0,14,,,,,,,36,0,36,,,,,,,107,0,107,19,0,19,,,,17,0,17,,,,4,0,4,,,,23,0,23,,,,48,0,48,,,,,,,132,0,132,,,,,,,,,,,,,32,0,32,,,,,,,20,0,20,540,0,540
166948,Mount Ida College,Newton,1,2319,1467,433,,2,0,2,,,,,,,1,1,0,,,,16,12,4,,,,4,2,2,5,0,5,,,,,,,,,,,,,,,,1,1,0,0,0,0,,,,6,1,5,,,,,,,,,,,,,,,,,,,,,,,,,13,2,11,24,14,10,0,0,0,1,1,0,,,,,,,,,,,,,9,2,7,59,1,58,38,27,11,,,,179,64,115
166957,Mount Wachusett Community College,Gardner,1,,,,,,,,,,,,,,,,,,,,,,,,,,,,,,,,,,,,,,,,,,,,,,,,,,,,,,,,,,,,,,,,,,,,,,,,,,,,,,,,,,,,,,,,,,,,,,,,,,,,,,,,,,,,,,,,,,,,,,,,,
165635,National Aviation Academy of New England,Bedford,1,,,,,,,,,,,,,,,,,,,,,,,,,,,,,,,,,,,,,,,,,,,,,,,,,,,,,,,,,,,,,,,,,,,,,,,,,,,,,,,,,,,,,,,,,,,,,,,,,,,,,,,,,,,,,,,,,,,,,,,,,
441478,National Graduate School of Quality Management,Falmouth,1,,,,,,,,,,,,,,,,,,,,,,,,,,,,,,,,,,,,,,,,,,,,,,,,,,,,,,,,,,,,,,,,,,,,,,,,,,,,,,,,,,,,,,,,,,,,,,,,,,,,,,,,,,,,,,,,,60,49,11,,,,60,49,11
488323,National Personal Training Institute of Massachusetts,,,,,,,,,,,,,,,,,,,,,,,,,,,,,,,,,,,,,,,,,,,,,,,,,,,,,,,,,,,,,,,,,,,,,,,,,,,,,,,,,,,,,,,,,,,,,,,,,,,,,,,,,,,,,,,,,,,,,,,,,,,
164438,New England College of Business and Finance,Boston,1,,,,,,,,,,,,,,,,,,,,,,,,,,,,,,,,,,,,,,,,,,,,,,,,,,,,,,,,,,,,,,,,,,,,,,,,,,,,,,,,,,,,,,,,,,,,,,,,,,,,,,,,,,,,,,,,,88,24,64,,,,88,24,64
167093,New England College of Optometry,Boston,1,,,,,,,,,,,,,,,,,,,,,,,,,,,,,,,,,,,,,,,,,,,,,,,,,,,,,,,,,,,,,,,,,,,,,,,,,,,,,,,,,,,,,,,,,,,,,,,,,,,,,,,,,,,,,,1,0,1,,,,,,,1,0,1
373678,New England Hair Academy,Malden,1,,,,,,,,,,,,,,,,,,,,,,,,,,,,,,,,,,,,,,,,,,,,,,,,,,,,,,,,,,,,,,,,,,,,,,,,,,,,,,,,,,,,,,,,,,,,,,,,,,,,,,,,,,,,,,,,,,,,,,,,,
167215,New England Law-Boston,Boston,1,,,,,,,,,,,,,,,,,,,,,,,,,,,,,,,,,,,,,,,,,,,,,,,,,,,,,,,,,,,,,,,,,,,,,,,,,,,,,,,,,,,,,,,,,,,,,,,,,,,,,,,,,,,,,,,,,,,,,,,,,
167181,New England School of Acupuncture,Newton,1,,,,,,,,,,,,,,,,,,,,,,,,,,,,,,,,,,,,,,,,,,,,,,,,,,,,,,,,,,,,,,,,,,,,,,,,,,,,,,,,,,,,,,,,,,,,,,,,,,,,,,,,,,,,,,,,,,,,,,,,,
167224,New England School of Photography,Boston,1,71,37,21,,,,,,,,,,,,,,,,,,,,,,,,,,,,,,,,,,,,,,,,,,,,,,,,,,,,,,,,,,,,,,,,,,,,,,,,,,,,,,,,,,,,,,,,,,,,,,,,,,,,,,,,,,,,,,,,,,,,,,
468963,New England Tractor Trailer Training School of Massachusetts,North Andover,1,,,,,,,,,,,,,,,,,,,,,,,,,,,,,,,,,,,,,,,,,,,,,,,,,,,,,,,,,,,,,,,,,,,,,,,,,,,,,,,,,,,,,,,,,,,,,,,,,,,,,,,,,,,,,,,,,,,,,,,,,
167251,Newbury College,Brookline,1,2593,2052,266,,,,,,,,,,,,,,10,3,7,,,,4,4,0,8,4,4,,,,,,,,,,,,,,,,0,0,0,,,,,,,,,,,,,,,,,,,1,1,0,9,4,5,,,,,,,,,,,,,12,3,9,15,6,9,,,,,,,,,,,,,,,,,,,18,7,11,10,4,6,49,21,28,,,,136,57,79
167260,Nichols College,Dudley,1,2275,1881,326,,,,,,,,,,,,,,,,,,,,,,,,,,3,2,1,,,,,,,,,,,,,,,,3,1,2,,,,,,,,,,,,,,,,,,,33,29,4,,,,,,,,,,,,,14,4,10,23,11,12,,,,,,,,,,,,,,,,,,,,,,,,,206,115,91,2,2,0,284,164,120
167297,North Bennet Street School,Boston,1,,,,,,,,,,,,,,,,,,,,,,,,,,,,,,,,,,,,,,,,,,,,,,,,,,,,,,,,,,,,,,,,,,,,,,,,,,,,,,,,,,,,,,,,,,,,,,,,,,,,,,,,,,,,,,,,,,,,,,,,,
167312,North Shore Community College,Danvers,1,,,,,,,,,,,,,,,,,,,,,,,,,,,,,,,,,,,,,,,,,,,,,,,,,,,,,,,,,,,,,,,,,,,,,,,,,,,,,,,,,,,,,,,,,,,,,,,,,,,,,,,,,,,,,,,,,,,,,,,,,
167358,Northeastern University,Boston,1,50523,14388,2797,,,,,38,13,25,77,31,46,4,1,3,204,51,153,2,0,2,135,107,28,,,,,,,667,519,148,0,0,0,25,3,22,,,,,,,34,11,23,2,0,2,,,,324,124,200,40,23,17,,,,,,,,,,3,2,1,,,,52,28,24,,,,175,40,135,79,45,34,26,2,24,406,183,223,,,,,,,,,,,,,152,76,76,499,92,407,1034,580,454,22,9,13,4000,1940,2060
482705,Northeastern University Professional Advancement Network,Boston,1,,,,,,,,10,4,6,,,,,,,24,9,15,,,,34,29,5,,,,,,,,,,6,6,0,0,0,0,,,,,,,4,2,2,19,2,17,,,,7,0,7,,,,,,,,,,,,,,,,,,,,,,,,,9,1,8,,,,12,2,10,10,2,8,,,,,,,,,,,,,5,2,3,124,24,100,280,128,152,0,0,0,544,211,333
167376,Northern Essex Community College,Haverhill,1,,,,,,,,,,,,,,,,,,,,,,,,,,,,,,,,,,,,,,,,,,,,,,,,,,,,,,,,,,,,,,,,,,,,,,,,,,,,,,,,,,,,,,,,,,,,,,,,,,,,,,,,,,,,,,,,,,,,,,,,,
217606,Northpoint Bible College,Haverhill,1,,,,,,,,,,,,,,,,,,,,,,,,,,,,,,,,,,,,,,,,,,,,,,,,,,,,,,,,,,,,,,,,,,,,,,,,,,32,16,16,,,,,,,,,,,,,,,,,,,,,,,,,,,,,,,,,,,,,,,,,,,32,16,16
167455,Pine Manor College,Chestnut Hill,1,764,542,162,,,,,,,,,,,,,,0,0,0,,,,,,,,,,7,0,7,,,,,,,,,,,,,,,,2,0,2,0,0,0,,,,10,0,10,,,,,,,,,,,,,,,,,,,,,,,,,8,1,7,,,,,,,7,0,7,,,,,,,,,,,,,0,0,0,1,0,1,10,0,10,1,0,1,46,1,45
167464,Pope St John XXIII National Seminary,Weston,1,,,,,,,,,,,,,,,,,,,,,,,,,,,,,,,,,,,,,,,,,,,,,,,,,,,,,,,,,,,,,,,,,,,,,,,,,,,,,,,,,,,,,,,,,,,,,,,,,,,,,,,,,,,,,,,,,,,,,,,,,
167525,Quincy College,Quincy,1,,,,,,,,,,,,,,,,,,,,,,,,,,,,,,,,,,,,,,,,,,,,,,,,,,,,,,,,,,,,,,,,,,,,,,,,,,,,,,,,,,,,,,,,,,,,,,,,,,,,,,,,,,,,,,,,,,,,,,,,,
167534,Quinsigamond Community College,Worcester,1,,,,,,,,,,,,,,,,,,,,,,,,,,,,,,,,,,,,,,,,,,,,,,,,,,,,,,,,,,,,,,,,,,,,,,,,,,,,,,,,,,,,,,,,,,,,,,,,,,,,,,,,,,,,,,,,,,,,,,,,,
167598,Regis College,Weston,1,2023,1704,267,,,,,,,,,,,,,,12,5,7,,,,,,,,,,1,0,1,,,,,,,1,0,1,,,,,,,6,1,5,10,3,7,,,,15,3,12,,,,,,,0,0,0,16,5,11,,,,,,,0,0,0,,,,11,2,9,,,,9,1,8,10,5,5,,,,,,,,,,,,,1,0,1,232,28,204,22,11,11,1,1,0,347,65,282
165750,Rob Roy Academy-Fall River,Fall River,1,,,,,,,,,,,,,,,,,,,,,,,,,,,,,,,,,,,,,,,,,,,,,,,,,,,,,,,,,,,,,,,,,,,,,,,,,,,,,,,,,,,,,,,,,,,,,,,,,,,,,,,,,,,,,,,,,,,,,,,,,
167039,Rob Roy Academy-New Bedford,New Bedford,1,,,,,,,,,,,,,,,,,,,,,,,,,,,,,,,,,,,,,,,,,,,,,,,,,,,,,,,,,,,,,,,,,,,,,,,,,,,,,,,,,,,,,,,,,,,,,,,,,,,,,,,,,,,,,,,,,,,,,,,,,
168032,Rob Roy Academy-Taunton,Taunton,1,,,,,,,,,,,,,,,,,,,,,,,,,,,,,,,,,,,,,,,,,,,,,,,,,,,,,,,,,,,,,,,,,,,,,,,,,,,,,,,,,,,,,,,,,,,,,,,,,,,,,,,,,,,,,,,,,,,,,,,,,
373696,Rob Roy Academy-Worcester,Worcester,1,,,,,,,,,,,,,,,,,,,,,,,,,,,,,,,,,,,,,,,,,,,,,,,,,,,,,,,,,,,,,,,,,,,,,,,,,,,,,,,,,,,,,,,,,,,,,,,,,,,,,,,,,,,,,,,,,,,,,,,,,
167631,Roxbury Community College,Roxbury Crossing,1,,,,,,,,,,,,,,,,,,,,,,,,,,,,,,,,,,,,,,,,,,,,,,,,,,,,,,,,,,,,,,,,,,,,,,,,,,,,,,,,,,,,,,,,,,,,,,,,,,,,,,,,,,,,,,,,,,,,,,,,,
167677,Saint John's Seminary,Brighton,1,,,,,,,,,,,,,,,,,,,,,,,,,,,,,,,,,,,,,,,,,,,,,,,,,,,,,,,,,,,,,,,,,,,,,,,,,,14,14,0,,,,,,,,,,,,,,,,,,,,,,,,,,,,,,,,,,,,,,,,,,,14,14,0
167729,Salem State University,Salem,1,5164,3868,1093,,1,0,1,,,,,,,,,,78,29,49,,,,18,18,0,,,,139,15,124,,,,,,,9,2,7,,,,,,,63,13,50,18,5,13,,,,105,33,72,12,7,5,,,,,,,66,38,28,4,2,2,,,,28,15,13,,,,144,29,115,146,82,64,82,12,70,65,26,39,,,,,,,,,,,,,81,33,48,193,26,167,366,183,183,51,34,17,1669,602,1067
466523,Salter College-Chicopee,Chicopee,1,,,,,,,,,,,,,,,,,,,,,,,,,,,,,,,,,,,,,,,,,,,,,,,,,,,,,,,,,,,,,,,,,,,,,,,,,,,,,,,,,,,,,,,,,,,,,,,,,,,,,,,,,,,,,,,,,,,,,,,,,
167738,Salter College-West Boylston,West Boylston,1,,,,,,,,,,,,,,,,,,,,,,,,,,,,,,,,,,,,,,,,,,,,,,,,,,,,,,,,,,,,,,,,,,,,,,,,,,,,,,,,,,,,,,,,,,,,,,,,,,,,,,,,,,,,,,,,,,,,,,,,,
447494,Salter School-Fall River,Fall River,1,,,,,,,,,,,,,,,,,,,,,,,,,,,,,,,,,,,,,,,,,,,,,,,,,,,,,,,,,,,,,,,,,,,,,,,,,,,,,,,,,,,,,,,,,,,,,,,,,,,,,,,,,,,,,,,,,,,,,,,,,
460589,Salter School-New Bedford,New Bedford,1,,,,,,,,,,,,,,,,,,,,,,,,,,,,,,,,,,,,,,,,,,,,,,,,,,,,,,,,,,,,,,,,,,,,,,,,,,,,,,,,,,,,,,,,,,,,,,,,,,,,,,,,,,,,,,,,,,,,,,,,,
166984,School of the Museum of Fine Arts at Tufts University,Boston,1,305,281,30,,,,,,,,,,,,,,,,,,,,,,,,,,,,,,,,,,,,,,,,,,,,,,,,,,,,,,,,,,,,,,,,,,,,,,,,,,,,,,,,,,,,,,,,,,,,,,,,,,,,,,,,81,29,52,,,,,,,,,,81,29,52
412535,Shawsheen Valley School of Practical Nursing,Billerica,1,9,9,9,,,,,,,,,,,,,,,,,,,,,,,,,,,,,,,,,,,,,,,,,,,,,,,,,,,,,,,,,,,,,,,,,,,,,,,,,,,,,,,,,,,,,,,,,,,,,,,,,,,,,,,,,,,,,,,,,,,,,,
165060,Signature Healthcare Brockton Hospital School of Nursing,Brockton,1,12,8,7,,,,,,,,,,,,,,,,,,,,,,,,,,,,,,,,,,,,,,,,,,,,,,,,,,,,,,,,,,,,,,,,,,,,,,,,,,,,,,,,,,,,,,,,,,,,,,,,,,,,,,,,,,,,,,,,,,,,,,
167783,Simmons College,Boston,1,4575,2634,471,,5,0,5,7,0,7,,,,7,0,7,32,0,32,,,,8,0,8,,,,4,0,4,,,,,,,4,0,4,1,0,1,,,,16,0,16,,,,,,,35,0,35,6,0,6,,,,32,0,32,47,0,47,5,0,5,,,,4,0,4,,,,18,0,18,,,,10,0,10,27,0,27,,,,,,,,,,,,,3,0,3,169,0,169,34,0,34,1,0,1,475,0,475
167835,Smith College,Northampton,1,5006,1897,609,,,,,12,0,12,7,0,7,67,0,67,,,,,,,18,0,18,,,,14,0,14,33,0,33,,,,32,0,32,,,,,,,35,0,35,1,0,1,,,,79,0,79,12,0,12,,,,2,0,2,0,0,0,15,0,15,,,,39,0,39,,,,76,0,76,,,,,,,155,0,155,,,,,,,,,,,,,64,0,64,,,,,,,21,0,21,682,0,682
167871,Southeastern Technical Institute,South Easton,1,72,54,41,,,,,,,,,,,,,,,,,,,,,,,,,,,,,,,,,,,,,,,,,,,,,,,,,,,,,,,,,,,,,,,,,,,,,,,,,,,,,,,,,,,,,,,,,,,,,,,,,,,,,,,,,,,,,,,,,,,,,,
457624,Southern Worcester County Regional Voc School District,Charlton,1,,,,,,,,,,,,,,,,,,,,,,,,,,,,,,,,,,,,,,,,,,,,,,,,,,,,,,,,,,,,,,,,,,,,,,,,,,,,,,,,,,,,,,,,,,,,,,,,,,,,,,,,,,,,,,,,,,,,,,,,,
445638,Spa Tech Institute-Ipswich,Ipswich,1,,,,,,,,,,,,,,,,,,,,,,,,,,,,,,,,,,,,,,,,,,,,,,,,,,,,,,,,,,,,,,,,,,,,,,,,,,,,,,,,,,,,,,,,,,,,,,,,,,,,,,,,,,,,,,,,,,,,,,,,,
445656,Spa Tech Institute-Plymouth,Plymouth,1,,,,,,,,,,,,,,,,,,,,,,,,,,,,,,,,,,,,,,,,,,,,,,,,,,,,,,,,,,,,,,,,,,,,,,,,,,,,,,,,,,,,,,,,,,,,,,,,,,,,,,,,,,,,,,,,,,,,,,,,,
445647,Spa Tech Institute-Westboro,Westboro,1,,,,,,,,,,,,,,,,,,,,,,,,,,,,,,,,,,,,,,,,,,,,,,,,,,,,,,,,,,,,,,,,,,,,,,,,,,,,,,,,,,,,,,,,,,,,,,,,,,,,,,,,,,,,,,,,,,,,,,,,,
167899,Springfield College,Springfield,1,4112,2638,549,,,,,,,,,,,2,0,2,13,10,3,,,,,,,,,,27,19,8,,,,,,,,,,,,,,,,8,1,7,23,16,7,,,,36,19,17,3,1,2,,,,,,,121,79,42,,,,,,,,,,,,,29,8,21,27,21,6,,,,4,2,2,,,,,,,,,,,,,9,7,2,192,55,137,37,25,12,1,1,0,532,264,268
475273,Springfield College-School of Professional and Continuing Studies,Springfield,1,,,,,,,,,,,,,,,,,,,,,,,,,,,,,,,,,,,,,,,,,,,,,,,,,,,,,,,,,,,,,,,,,,,,,,,,,,,,,,,,,,,,,,,,,411,80,331,,,,,,,,,,,,,,,,,,,,,,,,,,,,411,80,331
167905,Springfield Technical Community College,Springfield,1,,,,,,,,,,,,,,,,,,,,,,,,,,,,,,,,,,,,,,,,,,,,,,,,,,,,,,,,,,,,,,,,,,,,,,,,,,,,,,,,,,,,,,,,,,,,,,,,,,,,,,,,,,,,,,,,,,,,,,,,,
167996,Stonehill College,Easton,1,5892,4429,656,,,,,12,7,5,,,,3,0,3,47,16,31,,,,7,7,0,,,,25,1,24,,,,,,,8,1,7,,,,,,,25,5,20,,,,,,,91,33,58,12,6,6,,,,33,5,28,,,,12,7,5,,,,7,1,6,,,,76,14,62,,,,0,0,0,116,56,60,,,,,,,,,,,,,26,2,24,17,3,14,156,88,68,17,9,8,690,261,429
168005,Suffolk University,Boston,1,8492,6995,1334,,,,,10,3,7,,,,0,0,0,171,47,124,1,1,0,27,13,14,,,,0,0,0,21,17,4,0,0,0,3,1,2,,,,26,9,17,28,11,17,2,0,2,,,,70,19,51,3,3,0,,,,1,1,0,,,,5,2,3,,,,11,8,3,,,,62,10,52,0,0,0,0,0,0,167,71,96,,,,,,,,,,,,,47,11,36,0,0,0,601,339,262,13,5,8,1269,571,698
164933,The Boston Conservatory,Boston,1,1215,557,182,,,,,,,,,,,,,,,,,,,,,,,,,,,,,,,,,,,,,,,,,,,,,,,,,,,,,,,,,,,,,,,,,,,,,,,,,,,,,,,,,,,,,,,,,,,,,,,,,,,,,,,,,,,,,,,,,,,,,,
167057,The New England Conservatory of Music,Boston,1,1170,379,90,,,,,,,,,,,,,,,,,,,,,,,,,,,,,,,,,,,,,,,,,,,,,,,,,,,,,,,,,,,,,,,,,,,,,,,,,,,,,,,,,,,,,,,,,,,,,,,,,,,,,,,,109,64,45,,,,,,,,,,109,64,45
167321,The New England Institute of Art,Brookline,1,,,,,,,,,,,,,,,,,,,,17,15,2,14,7,7,,,,,,,,,,,,,,,,,,,,,,,,,,,,,,,,,,,,,,,,,,,,,,,,,,,,,,,,,,,,,,,,,,,,,,,,,,,,,,,,,,58,33,25,,,,17,0,17,,,,106,55,51
442815,The Salter School-Malden Campus,Malden,1,,,,,,,,,,,,,,,,,,,,,,,,,,,,,,,,,,,,,,,,,,,,,,,,,,,,,,,,,,,,,,,,,,,,,,,,,,,,,,,,,,,,,,,,,,,,,,,,,,,,,,,,,,,,,,,,,,,,,,,,,
391564,The Salter School-Tewksbury Campus,Tewksbury,1,,,,,,,,,,,,,,,,,,,,,,,,,,,,,,,,,,,,,,,,,,,,,,,,,,,,,,,,,,,,,,,,,,,,,,,,,,,,,,,,,,,,,,,,,,,,,,,,,,,,,,,,,,,,,,,,,,,,,,,,,
434344,Toni & Guy Hairdressing Academy-Worcester,Worcester,1,,,,,,,,,,,,,,,,,,,,,,,,,,,,,,,,,,,,,,,,,,,,,,,,,,,,,,,,,,,,,,,,,,,,,,,,,,,,,,,,,,,,,,,,,,,,,,,,,,,,,,,,,,,,,,,,,,,,,,,,,
459408,Tri County Regional Vocational Technical High School,Franklin,1,,,,,,,,,,,,,,,,,,,,,,,,,,,,,,,,,,,,,,,,,,,,,,,,,,,,,,,,,,,,,,,,,,,,,,,,,,,,,,,,,,,,,,,,,,,,,,,,,,,,,,,,,,,,,,,,,,,,,,,,,
168148,Tufts University,Medford,1,19063,3069,1360,,,,,3,1,2,4,3,1,37,11,26,,,,,,,99,70,29,,,,,,,170,110,60,,,,32,8,24,30,3,27,,,,56,20,36,,,,,,,131,51,80,23,13,10,,,,121,41,80,,,,14,4,10,,,,36,22,14,,,,86,25,61,,,,,,,377,197,180,,,,,,,,,,,,,119,43,76,2,2,0,,,,34,20,14,1374,644,730
447403,Universal Technical Institute of Massachusetts Inc,Norwood,1,,,,,,,,,,,,,,,,,,,,,,,,,,,,,,,,,,,,,,,,,,,,,,,,,,,,,,,,,,,,,,,,,,,,,,,,,,,,,,,,,,,,,,,,,,,,,,,,,,,,,,,,,,,,,,,,,,,,,,,,,
166708,University of Massachusetts Medical School Worcester,Worcester,1,,,,,,,,,,,,,,,,,,,,,,,,,,,,,,,,,,,,,,,,,,,,,,,,,,,,,,,,,,,,,,,,,,,,,,,,,,,,,,,,,,,,,,,,,,,,,,,,,,,,,,,,,,,,,,,,,,,,,,,,,
166629,University of Massachusetts-Amherst,Amherst,1,40130,23403,4702,,152,57,95,135,74,61,69,41,28,17,5,12,313,122,191,,,,171,151,20,,,,17,1,16,462,388,74,,,,121,37,84,,,,62,26,36,129,55,74,92,28,64,,,,612,288,324,108,70,38,,,,345,92,253,114,94,20,22,20,2,,,,108,76,32,,,,424,119,305,,,,,,,639,376,263,58,55,3,,,,,,,,,,129,43,86,542,49,493,899,472,427,103,71,32,5843,2810,3033
166638,University of Massachusetts-Boston,Boston,1,9365,6467,1680,,,,,45,25,20,,,,22,9,13,57,24,33,,,,128,110,18,,,,57,1,56,8,7,1,,,,19,4,15,,,,,,,91,42,49,,,,,,,183,85,98,20,11,9,,,,7,3,4,133,34,99,21,15,6,,,,25,18,7,,,,293,60,233,150,73,77,44,9,35,291,153,138,,,,,,,,,,,,,51,19,32,388,52,336,495,259,236,36,25,11,2564,1038,1526
166665,University of Massachusetts-Central Office,Boston,1,,,,,,,,,,,,,,,,,,,,,,,,,,,,,,,,,,,,,,,,,,,,,,,,,,,,,,,,,,,,,,,,,,,,,,,,,,,,,,,,,,,,,,,,,,,,,,,,,,,,,,,,,,,,,,,,,,,,,,,,,
167987,University of Massachusetts-Dartmouth,North Dartmouth,1,7591,5789,1430,,,,,,,,,,,5,0,5,,,,,,,36,30,6,,,,8,0,8,160,137,23,,,,8,0,8,,,,,,,48,15,33,42,12,30,,,,63,23,40,16,11,5,,,,8,2,6,,,,1,0,1,,,,18,9,9,,,,117,17,100,,,,,,,137,61,76,,,,,,,,,,,,,94,35,59,172,24,148,415,257,158,37,26,11,1385,659,726
166513,University of Massachusetts-Lowell,Lowell,1,10689,6070,1633,,,,,,,,,,,1,0,1,,,,,,,257,210,47,,,,,,,410,348,62,14,13,1,6,0,6,,,,,,,58,33,25,89,26,63,,,,94,46,48,27,20,7,,,,20,7,13,,,,15,12,3,,,,40,22,18,,,,196,33,163,221,142,79,,,,58,37,21,,,,,,,,,,,,,80,49,31,286,68,218,426,273,153,35,23,12,2333,1362,971
440420,University of Phoenix-Massachusetts,Braintree,1,,,,,,,,,,,,,,,,,,,,,,,13,11,2,,,,,,,,,,,,,,,,,,,,,,,,,,,,,,,,,,,,,,,,,,,,,,,,,,,,,,,,,,,,,,,,,,,,,,,,,,,,,,,,,,,,,,,,23,16,7,,,,36,27,9
373711,Upper Cape Cod Regional Technical School,Bourne,1,116,92,89,,,,,,,,,,,,,,,,,,,,,,,,,,,,,,,,,,,,,,,,,,,,,,,,,,,,,,,,,,,,,,,,,,,,,,,,,,,,,,,,,,,,,,,,,,,,,,,,,,,,,,,,,,,,,,,,,,,,,,
429128,Urban College of Boston,Boston,1,,,,,,,,,,,,,,,,,,,,,,,,,,,,,,,,,,,,,,,,,,,,,,,,,,,,,,,,,,,,,,,,,,,,,,,,,,,,,,,,,,,,,,,,,,,,,,,,,,,,,,,,,,,,,,,,,,,,,,,,,
168218,Wellesley College,Wellesley,1,4623,1380,595,,,,,15,0,15,8,0,8,33,0,33,,,,,,,43,0,43,,,,,,,,,,,,,29,0,29,,,,,,,33,0,33,,,,,,,82,0,82,17,0,17,,,,21,0,21,,,,14,0,14,,,,29,0,29,,,,65,0,65,,,,,,,148,0,148,,,,,,,,,,,,,33,0,33,,,,,,,11,0,11,581,0,581
168227,Wentworth Institute of Technology,Boston,1,6975,4650,965,,,,,,,,192,117,75,,,,,,,,,,99,91,8,,,,,,,196,159,37,100,93,7,,,,,,,,,,,,,,,,,,,,,,17,10,7,,,,,,,,,,,,,,,,,,,,,,,,,,,,,,,,,,,,,,,,,,,,,,49,26,23,,,,131,104,27,,,,784,600,184
168254,Western New England University,Springfield,1,6207,5024,719,,,,,,,,,,,0,0,0,23,9,14,,,,33,30,3,,,,13,2,11,117,96,21,,,,,,,,,,7,4,3,10,4,6,8,2,6,,,,34,9,25,5,2,3,,,,6,4,2,33,27,6,1,1,0,,,,14,7,7,,,,47,10,37,41,25,16,20,2,18,12,7,5,,,,,,,,,,,,,6,0,6,18,12,6,152,84,68,6,5,1,606,342,264
168263,Westfield State University,Westfield,1,5140,4092,1292,,,,,42,26,16,9,8,1,11,6,5,65,33,32,,,,30,24,6,,,,165,22,143,,,,,,,2,0,2,,,,,,,28,12,16,69,28,41,,,,44,19,25,19,10,9,,,,,,,56,18,38,,,,,,,10,3,7,,,,109,28,81,181,125,56,45,9,36,36,18,18,,,,,,,,,,,,,37,16,21,39,5,34,191,116,75,43,31,12,1231,557,674
168281,Wheaton College,Norton,1,4322,2790,417,,,,,7,3,4,,,,24,1,23,,,,,,,10,5,5,,,,0,0,0,,,,,,,1,0,1,,,,,,,25,9,16,,,,,,,68,17,51,10,4,6,,,,4,2,2,,,,9,5,4,,,,11,3,8,,,,54,12,42,,,,,,,71,34,37,,,,,,,,,,,,,51,10,41,,,,27,13,14,14,5,9,386,123,263
168290,Wheelock College,Boston,1,1331,1270,217,,,,,1,1,0,,,,6,0,6,2,1,1,,,,,,,,,,2,0,2,,,,,,,,,,3,0,3,,,,,,,7,0,7,,,,,,,9,2,7,,,,,,,,,,,,,,,,,,,,,,90,2,88,,,,34,3,31,4,0,4,,,,,,,,,,,,,10,0,10,,,,,,,,,,168,9,159
166717,William James College,Newton,1,,,,,,,,,,,,,,,,,,,,,,,,,,,,,,,,,,,,,,,,,,,,,,,,,,,,,,,,,,,,,,,,,,,,,,,,,,,,,,,,,,,,,,,,,,,,,,,,,,,,,,,,,,,,,,,,,,,,,,,,,
168342,Williams College,Williamstown,1,6883,1212,551,,,,,6,1,5,,,,18,3,15,,,,,,,34,24,10,,,,,,,,,,,,,23,11,12,,,,,,,36,12,24,,,,,,,55,14,41,36,22,14,,,,0,0,0,,,,9,4,5,,,,63,25,38,,,,27,4,23,,,,,,,147,94,53,,,,,,,,,,,,,50,11,39,,,,,,,32,16,16,536,241,295
168421,Worcester Polytechnic Institute,Worcester,1,10172,4938,1093,,,,,,,,,,,,,,0,0,0,,,,115,106,9,,,,,,,632,424,208,,,,,,,,,,,,,,,,1,1,0,,,,64,16,48,30,18,12,,,,5,4,1,,,,,,,,,,19,12,7,,,,2,0,2,,,,,,,0,0,0,,,,,,,,,,,,,,,,,,,40,21,19,,,,908,602,306
168430,Worcester State University,Worcester,1,3703,2539,814,,,,,,,,,,,,,,66,35,31,,,,24,21,3,,,,61,2,59,,,,,,,10,2,8,,,,,,,35,11,24,4,0,4,,,,83,25,58,6,3,3,,,,,,,,,,,,,,,,23,15,8,,,,135,15,120,105,69,36,,,,72,34,38,,,,,,,,,,,,,10,4,6,254,48,206,191,110,81,36,23,13,1115,417,698